{"settings": {"name": "test", "acceleration": 1, "max_speed": 30, "rotation_speed": 4, "shape": [6, 4, 3, 2], "max_score": 98, "gen_count": 281, "friction": 0.95}, "weights": [[[-0.6508560716820154, 1.136236495940514, -1.4839839312186474, -0.4939917450685657], [2.1000234880673374, -2.6627256183788512, -4.759683491256747, -0.29644678194902097], [1.4208189177072248, 0.5443494962180846, 4.262055339365464, 0.24006045075344762], [-1.1945717918681922, -0.3267718440360311, 4.724709902504088, -1.4639530403727592], [-0.8420996731248133, -3.4223595375247275, -2.9141453381973834, -2.1998799464222283], [2.967824036472521, 0.8083960669316086, -2.7350515484901843, 1.571548680755465]], [[-1.6968062655058462, -0.7356744576838967, -4.887632574177438], [-0.17778466476527752, -0.47908529214210893, -3.2234438717482274], [-2.3141861582463723, -6.737205300978894, 9.055901087690676], [-1.2132844526371995, -4.192318709220212, -1.9934227288507615]], [[2.3992219211762356, -0.03304327194638362], [1.6341347482574984, 3.3126731062367694], [-5.197919135853953, 3.2411015857348375]]]}